ID,Title,Milestone,DependsOn,AcceptanceSummary,Labels
"#1","[EPIC] Repository and toolchain bootstrap","M0 — Repository and toolchain bootstrap","","A clean clone passes host checks and produces the ESP32-S3 bootstrap firmware using a documented, pinned toolchain.","epic,priority:high,area:foundation"
"#2","Restore the complete bootstrap package and repository hygiene","M0 — Repository and toolchain bootstrap","Parent #1","`make issue-preview` and `make label-preview` succeed","bug,priority:high,area:foundation"
"#3","Pin and document a reproducible ESP-IDF development environment","M0 — Repository and toolchain bootstrap","Parent #1","A second environment can follow the guide from clone to successful build","documentation,priority:high,area:foundation"
"#4","Add continuous integration and repository quality gates","M0 — Repository and toolchain bootstrap","Parent #1","A deliberately failing host test blocks CI","enhancement,priority:high,area:foundation"
"#5","Scaffold firmware component boundaries and task contracts","M0 — Repository and toolchain bootstrap","Parent #1","Component dependencies match `docs/SOFTWARE_ARCHITECTURE.md`","enhancement,priority:normal,area:foundation"
"#6","Establish coding standards, static checks, and firmware version metadata","M0 — Repository and toolchain bootstrap","Parent #1","Checks run locally and in CI","enhancement,priority:normal,area:foundation"
"#7","[EPIC] Waveshare board support and peripheral bring-up","M1 — Display board bring-up","Blocked by #1","A hardware diagnostic build exercises display, touch, IMU, RTC, storage, brightness, and power information for 30 minutes without reset.","epic,priority:high,area:board-support"
"#8","Procure and baseline two known-good prototype hardware sets","M1 — Display board bring-up","Parent #7","The exact hardware revision is photographed and documented","enhancement,priority:high,area:board-support"
"#9","Review the Waveshare schematic and freeze a verified GPIO and power map","M1 — Display board bring-up","Parent #7","No pin is copied from a merely similar board","enhancement,priority:high,area:board-support"
"#10","Bring up RM690B0 display, brightness control, and framebuffer strategy","M1 — Display board bring-up","Parent #7","Diagnostic patterns render without corruption","enhancement,priority:high,area:board-support"
"#11","Implement FT6336 touch input and safe input abstraction","M1 — Display board bring-up","Parent #7","Touch targets are accurate across the panel","enhancement,priority:normal,area:board-support"
"#12","Bring up QMI8658, RTC, microSD, and board power diagnostics","M1 — Display board bring-up","Parent #7","Each peripheral has a clear pass/fail diagnostic","enhancement,priority:high,area:board-support"
"#13","[EPIC] High-rate GNSS acquisition and diagnostics","M2 — GNSS bring-up","Blocked by #7","A 30-minute outdoor 20 Hz log has the expected cadence, measurement timestamps, quality data, and no unexplained serial loss; 25 Hz is evaluated separately.","epic,priority:high,area:gnss"
"#14","Select the active antenna and validate GNSS wiring, power, UART, and PPS","M2 — GNSS bring-up","Parent #13","GNSS obtains repeatable fixes in the intended setup","enhancement,priority:high,area:gnss"
"#15","Implement a bounded UBX UART transport and parser","M2 — GNSS bring-up","Parent #13","Recorded valid and corrupt streams produce expected results","enhancement,priority:high,area:gnss"
"#16","Configure and verify NEO-M9N 20 Hz and 25 Hz profiles","M2 — GNSS bring-up","Parent #13","Effective update rate is measured, not assumed","enhancement,priority:high,area:gnss"
"#17","Define GnssFix, receiver status, and fix-quality validation","M2 — GNSS bring-up","Parent #13","Every accepted/rejected fix has a deterministic reason","enhancement,priority:high,area:gnss"
"#18","Build the GNSS task pipeline, queues, metrics, and 30-minute acceptance test","M2 — GNSS bring-up","Parent #13","No unexplained serial or queue loss occurs at 20 Hz","enhancement,priority:high,area:gnss"
"#19","[EPIC] Host and embedded lap timing engine","M3–M4 — Lap timing engine","Blocked by #13","Synthetic and recorded traces produce exactly one correctly directed event per valid crossing, and embedded/replay timestamps agree within a defined tolerance.","epic,priority:high,area:timing"
"#20","Implement and test geographic-to-local coordinate projection","M3–M4 — Lap timing engine","Parent #19","Lap geometry never operates directly on degree coordinates","enhancement,priority:high,area:timing"
"#21","Harden segment intersection and define endpoint ownership","M3–M4 — Lap timing engine","Parent #19","A before/on/after three-fix sequence emits one candidate","bug,priority:high,area:timing"
"#22","Implement crossing direction, speed, and GNSS-quality validation","M3–M4 — Lap timing engine","Parent #19","Reverse and low-quality crossings cannot complete laps","enhancement,priority:high,area:timing"
"#23","Implement crossing-time interpolation and robust timestamp ordering","M3–M4 — Lap timing engine","Parent #19","Nominal interpolation matches reference vectors","enhancement,priority:high,area:timing"
"#24","Implement the lap state machine, startup arming, rearm, and minimum-lap rules","M3–M4 — Lap timing engine","Parent #19","All state transitions have deterministic host tests","enhancement,priority:high,area:timing"
"#25","Port the timing engine to ESP32 and prove host/embedded parity","M3–M4 — Lap timing engine","Parent #19","Embedded and host events agree within numeric tolerance","enhancement,priority:high,area:timing"
"#26","[EPIC] Session workflow and driver-facing UI","M5–M6 — Session and driver UI","Blocked by #19","The session countdown and lap presentation remain readable and responsive with GNSS present, absent, stale, or deliberately failing.","epic,priority:high,area:session-ui"
"#27","Specify and implement the session state machine","M5–M6 — Session and driver UI","Parent #26","Countdown accuracy does not depend on GNSS, UI refresh, or storage","enhancement,priority:high,area:session-ui"
"#28","Implement versioned settings, persistence, and degraded subsystem behavior","M5–M6 — Session and driver UI","Parent #26","Configuration cannot accidentally interrupt active timing","enhancement,priority:high,area:session-ui"
"#29","Establish the LVGL application foundation and visual system","M5–M6 — Session and driver UI","Parent #26","UI never calls GNSS parser or logger internals","enhancement,priority:high,area:session-ui"
"#30","Build ready, configuration, rest, and post-session review screens","M5–M6 — Session and driver UI","Parent #26","Primary setup tasks require no source rebuild","enhancement,priority:normal,area:session-ui"
"#31","Build the active driver screen and GNSS health presentation","M5–M6 — Session and driver UI","Parent #26","Essential information is legible in a cockpit mock-up","enhancement,priority:high,area:session-ui"
"#32","Implement safe lap feedback, touch lock, brightness, orientation, and IMU views","M5–M6 — Session and driver UI","Parent #26","No small or nested active-driving controls remain","enhancement,priority:normal,area:session-ui"
"#33","[EPIC] Versioned track database and track setup","M7 — Track database","Blocked by #26","A new track can be validated, selected, loaded, hashed, and safely captured without rebuilding firmware.","epic,priority:high,area:tracks"
"#34","Harden the track schema and add semantic geometry validation","M7 — Track database","Parent #33","Impossible geofences and zero-length lines fail validation","bug,priority:high,area:tracks"
"#35","Implement versioned track loading, migration policy, hashing, and diagnostics","M7 — Track database","Parent #33","Unsupported versions cannot be silently loaded","enhancement,priority:high,area:tracks"
"#36","Implement geofence matching, nearest-track suggestion, and ambiguity handling","M7 — Track database","Parent #33","Geofences never create lap events","enhancement,priority:normal,area:tracks"
"#37","Build safe unknown-track capture and host track validation tools","M7 — Track database","Parent #33","A new track can be created without firmware rebuild","enhancement,priority:normal,area:tracks"
"#38","[EPIC] Fault-tolerant session logging and deterministic replay","M8 — Logging and replay","Blocked by #33","The embedded result can be reproduced from stored traces, and SD latency or failure never stops active timing.","epic,priority:high,area:logging"
"#39","Define versioned session, GNSS, event, and summary log formats","M8 — Logging and replay","Parent #38","Every lap can be traced to surrounding fix records","enhancement,priority:high,area:logging"
"#40","Implement the bounded asynchronous logger and buffered SD writer","M8 — Logging and replay","Parent #38","Timing never performs direct SD writes","enhancement,priority:high,area:logging"
"#41","Make logging resilient to missing/full SD cards and sudden power loss","M8 — Logging and replay","Parent #38","Active timing continues through every injected SD fault","enhancement,priority:high,area:logging"
"#42","Build host decoders, validation, and CSV/GPX export tools","M8 — Logging and replay","Parent #38","A session can be audited with one documented command","enhancement,priority:normal,area:logging"
"#43","Implement deterministic replay parity and logging stress tests","M8 — Logging and replay","Parent #38","Host and embedded events agree within the defined tolerance","enhancement,priority:high,area:logging"
"#44","[EPIC] Power, enclosure, antenna, and vehicle integration","M9 — Vehicle integration","Blocked by #38","The assembled prototype survives measured power, thermal, vibration, connector, and handling tests without reset, data corruption, or loose hardware.","epic,priority:high,area:hardware-integration"
"#45","Correct the enclosure baseline and design the GPS-17285 rear pod","M9 — Vehicle integration","Parent #44","Documentation consistently names the selected hardware","bug,priority:high,area:hardware-integration"
"#46","Validate vehicle power, GNSS regulation, EMI, and thermal margins","M9 — Vehicle integration","Parent #44","No brownout/reset occurs under combined load","enhancement,priority:high,area:hardware-integration"
"#47","Engineer the external antenna installation and RF/mechanical protection","M9 — Vehicle integration","Parent #44","Installation yields repeatable usable reception in the intended car","enhancement,priority:high,area:hardware-integration"
"#48","Design and validate the vehicle mount and cockpit ergonomics","M9 — Vehicle integration","Parent #44","The display is readable without obstructing safe driving","enhancement,priority:normal,area:hardware-integration"
"#49","Run enclosure vibration, handling, heat, and repeated power-cycle acceptance","M9 — Vehicle integration","Parent #44","No component or connector moves or loosens","enhancement,priority:high,area:hardware-integration"
"#50","[EPIC] System validation, track testing, and v1.0 release","M10 — Validation and v1.0","Blocked by #44","The documented 1.0 hardware and firmware pass soak, fault, multi-circuit timing, install, and release gates with no critical defects.","epic,priority:high,area:verification"
"#51","Automate the host, firmware, replay, and hardware-in-loop test matrix","M10 — Validation and v1.0","Parent #50","Every critical requirement has an identified verification method","enhancement,priority:high,area:verification"
"#52","Complete four-hour soak and full-load fault-injection testing","M10 — Validation and v1.0","Parent #50","No reset or memory leak trend occurs","enhancement,priority:high,area:verification"
"#53","Run outdoor, walking, and controlled low-speed crossing validation","M10 — Validation and v1.0","Parent #50","No unexplained missed or duplicate accepted crossings occur","enhancement,priority:high,area:verification"
"#54","Complete multi-circuit comparison against a commercial reference timer","M10 — Validation and v1.0","Parent #50","No accepted test session has unexplained duplicate/missed laps","enhancement,priority:high,area:verification"
"#55","Build the release pipeline, artefacts, documentation, and v1.0 gate","M10 — Validation and v1.0","Parent #50","A clean environment can install and flash the release","enhancement,priority:high,area:verification"
"#56","[EPIC] Post-1.0 analysis, track management, and research roadmap","Post-1.0 roadmap","Blocked by #50","Each candidate has measured value, safety/privacy constraints, and a bounded design that cannot destabilize the core offline timer.","epic,priority:high,area:future"
"#57","Add sectors, theoretical best, lap consistency, and speed summaries","Post-1.0 roadmap","Parent #56","Sector events have the same quality and duplicate protections as laps","enhancement,priority:normal,area:future"
"#58","Implement best-lap reference mapping and validated live delta","Post-1.0 roadmap","Parent #56","Delta validity is explicit and tested","enhancement,priority:normal,area:future"
"#59","Build stationary USB/Wi-Fi/browser track management and track packs","Post-1.0 roadmap","Parent #56","Wireless operation is optional and disabled/deferred during active timing","enhancement,priority:normal,area:future"
"#60","Evaluate enhanced export, BLE/pit links, external controls, and alerts","Post-1.0 roadmap","Parent #56","Each integration can be disabled without reducing core functionality","enhancement,priority:normal,area:future"
"#61","Research advanced GNSS, sensor fusion, and optional CAN expansion","Post-1.0 roadmap","Parent #56","Research produces measurements rather than marketing assumptions","enhancement,priority:normal,area:future"
