Name,Color,Description
"area:board-support","c2e0c6","Waveshare board and onboard peripheral support"
"area:foundation","1d76db","Repository, toolchain, CI, and architecture foundation"
"area:future","bfdadc","Post-1.0 optional roadmap and research"
"area:gnss","0e8a16","GNSS receiver, parser, configuration, and diagnostics"
"area:hardware-integration","e99695","Power, enclosure, antenna, and vehicle installation"
"area:logging","0052cc","Session logging, export, and replay"
"area:session-ui","f9d0c4","Session workflow and driver-facing UI"
"area:simulation","0f6f8f","Host simulation, emulation, mocks, and deterministic scenarios"
"area:timing","d4c5f9","Lap geometry, timing, and event state"
"area:tracks","006b75","Track definitions, loading, selection, and tooling"
"area:verification","7057ff","Test, validation, and release engineering"
"bug","d73a4a","Something isn't working"
"documentation","0075ca","Improvements or additions to documentation"
"duplicate","cfd3d7","This issue or pull request already exists"
"enhancement","a2eeef","New feature or request"
"epic","5319e7","Parent issue grouping a major delivery outcome"
"good first issue","7057ff","Good for newcomers"
"help wanted","008672","Extra attention is needed"
"invalid","e4e669","This doesn't seem right"
"priority:high","b60205","Required for the current milestone or a correctness/reliability risk"
"priority:normal","fbca04","Planned work after higher-priority blockers"
"question","d876e3","Further information is requested"
"wontfix","ffffff","This will not be worked on"
